{"cameraMode":{"drawMode":0,"name":"Shaded","section":"Shading Mode"},"sceneLighting":false,"audioPlay":false,"sceneViewState":{"showFog":false,"showMaterialUpdate":false,"showSkybox":false,"showFlares":false,"showImageEffects":false,"showParticleSystems":false},"in2DMode":false,"pivot":{"x":1.5083568096160889,"y":1.8928637504577637,"z":-0.5},"rotation":{"x":0.43933188915252688,"y":0.32943710684776308,"z":-0.17721015214920045,"w":0.8167471289634705},"size":5.613045692443848,"orthographic":false}